{"schemaVersion":"1.0","appDefinitionTemplate":{"id":"/providers/Microsoft.PowerApps/apps/","type":"Microsoft.PowerApps/apps","tags":{"primaryDeviceWidth":"1152","primaryDeviceHeight":"768","sienaVersion":"20200426T140348Z-3.20023.8.0","deviceCapabilities":"","supportsPortrait":"false","supportsLandscape":"true","primaryFormFactor":"Tablet","publisherVersion":"3.20023.8","minimumRequiredApiVersion":"2.2.0","hasComponent":"true","hasUnlockedComponent":"true"},"properties":{"appVersion":"2020-04-26T14:03:48Z","lifeCycleId":"Published","createdByClientVersion":{"major":3,"minor":20023,"build":8,"revision":0,"majorRevision":0,"minorRevision":0},"minClientVersion":{"major":3,"minor":20023,"build":8,"revision":0,"majorRevision":0,"minorRevision":0},"backgroundColor":"rgba(0, 138, 0, 1)","backgroundImageUri":"/9649668279804813448/N08deeb64-1fd0-443b-8ce0-a36a95d1ea2b-logoSmallFile","displayName":"StoryMakerLeo","description":"","commitMessage":"","appUris":{"documentUri":{"value":"/9649668279804813448/N9e7e6035-045f-49d1-bbcd-00aa2283e27c-document.msapp","readonlyValue":"/9649668279804813448/N9e7e6035-045f-49d1-bbcd-00aa2283e27c-document.msapp"},"imageUris":[]},"createdTime":"0001-01-01T00:00:00Z","lastModifiedTime":"0001-01-01T00:00:00Z","sharedGroupsCount":0,"sharedUsersCount":0,"icons":{"smallIconUri":"/9649668279804813448/N3962c62a-4fb2-4af0-98d2-116713424b8a-small.png","mediumIconUri":"/9649668279804813448/N087e8e57-f2df-474b-a9fa-ef35fb69184c-medium.png","largeIconUri":"/9649668279804813448/N2b280b9d-a22c-490c-90cc-cf449506e118-large.png","wideIconUri":"/9649668279804813448/Ne71e5d4f-751b-45c0-80ff-d135a9301efe-wide.png"},"connectionReferences":{},"databaseReferences":{},"almMode":"Environment","performanceOptimizationEnabled":false,"canConsumeAppPass":true},"isAppComponentLibrary":false,"appType":"ClassicCanvasApp","appComponents":[]}}