{"schemaVersion":"1.0","appDefinitionTemplate":{"id":"/providers/Microsoft.PowerApps/apps/","type":"Microsoft.PowerApps/apps","tags":{"primaryDeviceWidth":"1152","primaryDeviceHeight":"768","sienaVersion":"20200426T143324Z-3.20023.8.0","deviceCapabilities":"","supportsPortrait":"false","supportsLandscape":"true","primaryFormFactor":"Tablet","publisherVersion":"3.20023.8","minimumRequiredApiVersion":"2.2.0","hasComponent":"true","hasUnlockedComponent":"true"},"properties":{"appVersion":"2020-04-26T14:33:24Z","lifeCycleId":"Published","createdByClientVersion":{"major":3,"minor":20023,"build":8,"revision":0,"majorRevision":0,"minorRevision":0},"minClientVersion":{"major":3,"minor":20023,"build":8,"revision":0,"majorRevision":0,"minorRevision":0},"backgroundColor":"rgba(251, 101, 60, 1)","backgroundImageUri":"/3901578320503727056/N0b64d3e0-e457-4c70-9e5c-ac40da9f5a73-logoSmallFile","displayName":"StoryMaker by robin","description":"","commitMessage":"","appUris":{"documentUri":{"value":"/3901578320503727056/N9655d1fc-4d25-477a-a160-a924703c7b9a-document.msapp","readonlyValue":"/3901578320503727056/N9655d1fc-4d25-477a-a160-a924703c7b9a-document.msapp"},"imageUris":[]},"createdTime":"0001-01-01T00:00:00Z","lastModifiedTime":"0001-01-01T00:00:00Z","sharedGroupsCount":0,"sharedUsersCount":0,"icons":{"smallIconUri":"/3901578320503727056/N6b2e6171-3523-44dc-bd41-7686c6971fd3-small.png","mediumIconUri":"/3901578320503727056/N6db7baae-423e-4f80-bf72-43031776f0f6-medium.png","largeIconUri":"/3901578320503727056/N6fb88af2-6cac-4775-8941-22ebe3bbeb2d-large.png","wideIconUri":"/3901578320503727056/Nd2109c88-3ca5-4220-beee-bc5971ed99f0-wide.png"},"connectionReferences":{},"databaseReferences":{},"almMode":"Environment","performanceOptimizationEnabled":false,"canConsumeAppPass":true},"isAppComponentLibrary":false,"appType":"ClassicCanvasApp","appComponents":[]}}